{"stats":{"minecraft:mined":{"minecraft:grass_block":2,"minecraft:dirt":4,"minecraft:birch_leaves":2},"minecraft:custom":{"minecraft:time_since_rest":54974,"minecraft:play_time":54974,"minecraft:crouch_one_cm":2698,"minecraft:sprint_one_cm":9460,"minecraft:walk_one_cm":62159,"minecraft:sneak_time":1611,"minecraft:drop":8,"minecraft:jump":132,"minecraft:leave_game":1,"minecraft:time_since_death":54974,"minecraft:walk_on_water_one_cm":2457,"minecraft:total_world_time":54974,"minecraft:fly_one_cm":376651,"minecraft:fall_one_cm":1163,"minecraft:inspect_dispenser":37},"minecraft:dropped":{"minecraft:dirt":3,"minecraft:birch_log":1,"minecraft:flint_and_steel":2,"minecraft:redstone":2},"minecraft:picked_up":{"minecraft:redstone":2,"minecraft:dirt":7},"minecraft:used":{"minecraft:redstone_torch":4,"minecraft:oak_trapdoor":11,"minecraft:fire_charge":2,"minecraft:repeater":35,"minecraft:lava_bucket":5,"minecraft:dirt":4,"minecraft:flint_and_steel":26,"minecraft:dispenser":14,"minecraft:redstone":63,"minecraft:oak_planks":4,"minecraft:observer":31,"minecraft:obsidian":413}},"DataVersion":3465}