{"stats":{"minecraft:mined":{"minecraft:birch_leaves":1},"minecraft:killed":{"minecraft:ender_dragon":1},"minecraft:custom":{"minecraft:time_since_rest":54317,"minecraft:crouch_one_cm":3735,"minecraft:play_time":54317,"minecraft:sprint_one_cm":32095,"minecraft:walk_one_cm":111003,"minecraft:sneak_time":1873,"minecraft:walk_under_water_one_cm":4941,"minecraft:mob_kills":1,"minecraft:drop":31,"minecraft:jump":140,"minecraft:damage_dealt":10,"minecraft:leave_game":1,"minecraft:walk_on_water_one_cm":303,"minecraft:time_since_death":54168,"minecraft:total_world_time":54317,"minecraft:fall_one_cm":2057,"minecraft:fly_one_cm":192225,"minecraft:inspect_dispenser":26},"minecraft:dropped":{"minecraft:water_bucket":1,"minecraft:observer":1,"minecraft:bucket":1,"minecraft:flint_and_steel":28},"minecraft:picked_up":{"minecraft:flint_and_steel":37,"minecraft:water_bucket":1,"minecraft:redstone_torch":3,"minecraft:observer":1},"minecraft:used":{"minecraft:redstone_torch":14,"minecraft:netherite_sword":3,"minecraft:ender_eye":12,"minecraft:water_bucket":2,"minecraft:fire_charge":31,"minecraft:repeater":16,"minecraft:flint_and_steel":22,"minecraft:dispenser":18,"minecraft:redstone":113,"minecraft:oak_button":1,"minecraft:bucket":1,"minecraft:observer":13,"minecraft:obsidian":398}},"DataVersion":3465}